NAME,dob,phone
Dahlia Snow,03/11/97,9808295841
Paityn Powell,02/06/80,9438277970
Keyon Kane,16/02/99,7985650737
Alexander Cowan,03/08/78,8768456974
Mckenna Arroyo,16/02/77,6439332435
Cristian Montgomery,14/04/91,9105786267
Cristopher Weber,28/04/81,6807423685
Henry Chase,10/02/83,8310785529
Maddison Noble,07/05/85,9883441269
Laila Conley,20/06/81,7579612511
Johnathon Hull,13/05/95,8951585645
Wesley Davidson,01/08/94,7321984972
Imani Austin,28/05/99,9855651216
Hannah Paul,07/01/76,7948202106
Aden Sampson,06/08/02,7821724985
Claire Huerta,03/07/91,8179678744
Rachael Snow,26/04/87,7197520790
Javion Wilcox,08/08/70,7275059762
Reagan Cantrell,19/08/83,9316628376
Andreas Lewis,28/07/95,9560845489
Seamus Tanner,01/07/71,9522262468
Dorian Weiss,01/02/91,9851582926
Jenna Small,04/09/86,8871978921
Kimberly Calderon,20/01/86,9817897051
Shiloh Martin,04/09/95,6537972209
Haiden Hays,14/09/98,9517920525
Mercedes Ritter,06/06/79,9621269345
Steve Hernandez,02/02/73,7167300276
Ace Meyers,09/04/92,7949528147
Cecilia Blanchard,10/03/99,9567442213
Alayna Macdonald,27/09/87,8276773018
Jonah Mckee,11/07/98,7464778767
Trace Mccarthy,12/06/74,9349653753
Eden Massey,06/02/89,7502318783
Reece Koch,01/04/76,8785429020
Fiona Becker,22/05/97,9600552514
Iliana Friedman,23/04/02,8158237555
Brielle Lee,07/09/91,9570094290
Jameson Ellison,20/09/86,8967562148
Briley Oconnell,22/01/72,8507008880
Paige Fry,26/04/81,8993952263
Caroline Davidson,14/04/97,8284860208
Elias Bonilla,06/09/00,9789556297
Amir Jensen,27/01/71,8849601659
Kiana Ray,23/02/87,6895508118
King Sanchez,07/01/97,8893140097
Grayson Mcdowell,12/08/98,8524022393
Rosa Wood,01/06/92,9613488681
Mattie Yoder,19/01/82,8684454669
Aaron Bradley,21/03/93,9481194495
Korbin Garrison,27/02/88,8579395450
Aiden Tyler,25/06/73,7811544542
Addisyn Bonilla,20/05/95,8589387842
Ibrahim Nielsen,12/01/77,8631248801
Londyn Vang,27/06/75,8162150656
Amaris Glenn,02/08/87,7464038082
Amani Booker,28/01/81,6703490234
Taliyah Gregory,01/09/80,6948757180
Andres Keller,07/09/98,9870370465
Mason Jones,27/03/89,8103751780
Boston Ryan,21/05/85,8761898428
Todd Franco,02/09/90,6836556232
Autumn Jefferson,01/06/96,9745894633
Alden Estrada,11/04/94,8913006506
Talia Valdez,11/07/98,7676244394
Wendy Mcconnell,12/04/84,6975769418
Talia Floyd,05/06/74,8877816950
Adriana Bryant,23/03/75,8697276728
Finley Hickman,21/03/94,7549905393
Moriah Hogan,13/08/88,6308835655
Shea Fischer,15/07/94,8355846227
Jay Roach,08/08/85,7939058147
Tyrese Campos,27/09/83,7513761085
Veronica Mccoy,14/04/88,6256511964
Johnathan Yang,06/03/86,6392769258
Quinten Orozco,18/09/99,6111162932
Trenton Santana,16/01/02,9706737182
Isabelle Travis,15/06/01,7358954037
Ashanti Elliott,19/09/71,9455238497
Angelina Gentry,14/09/73,7144032795
Brice Brooks,16/07/99,8251643052
Clark Case,11/07/76,6797604497
Kaitlin Day,27/03/71,9776798096
Dania King,08/05/79,9319188209
Ashly Reese,27/04/78,9143364708
Ulises Knight,10/07/75,8692218613
Caitlyn Mcbride,22/09/99,6644826611
Saul Higgins,03/02/95,8741579340
Alyvia Mcguire,19/03/99,9182754507
Xander Garrison,14/06/84,9419177286
Raiden Henson,07/05/89,9804364180
Mario Kelley,15/05/72,9907388702
Allan Wheeler,20/06/84,8723907639
Makaila Carlson,01/02/95,7400862845
Dana Bean,05/04/79,6491797816
Genesis Rios,10/01/73,7349471414
Damian Roberson,10/08/81,7923537532
Sara Watson,11/01/96,9957364760
Marlee Brewer,20/03/73,9565740788
Casey Stephenson,28/08/73,7811877864
Raiden Kemp,09/07/82,6395041269
Thaddeus Ashley,07/05/93,8111076465
Yaritza Rowland,25/02/85,7501814333
Lillie Simmons,05/01/79,9923348933
Maverick Daniels,03/05/99,8640344127
Hallie Carter,18/09/98,6802513755
Andrea Kennedy,23/08/97,6341349894
Shyanne Chen,08/01/98,8609222756
Linda Miranda,11/08/98,7473768203
Tony Shea,15/04/95,7770423450
Keira Reese,22/09/78,7940304618
Roman Yang,17/05/78,8188669207
Maria Owen,22/04/83,7575270089
Courtney Patrick,04/04/80,7354029772
Arjun Cunningham,04/05/84,6727961895
Damien Norman,03/07/01,8623795234
Avery Riddle,14/05/96,7860353666
Patrick Velasquez,22/08/81,6891172994
Journey Cantrell,20/05/77,8338171942
Xzavier Chambers,16/07/96,7835628735
Taylor Dudley,10/08/86,6446238847
Amber Strickland,27/07/80,9778689215
Anabel Snow,18/07/80,6297369239
Joy Jones,12/01/75,7519819152
Isabela Hayes,11/07/02,6930101765
Kennedy Benson,22/04/86,6330662380
Payten Burgess,01/05/89,9950685826
Alexia Booth,01/05/77,7116000553
Mateo Webster,28/01/86,9771798106
Precious Le,03/08/90,9124658489
Jazlyn Mcguire,14/07/85,6399230719
Walker Hendrix,02/05/81,8786756736
Cristopher Caldwell,02/01/88,9157227609
Amare Watts,24/09/83,7670187597
Toby Avery,22/03/83,8708930931
Deja Miles,25/01/85,7946492041
Kaliyah Gillespie,25/02/90,7968056519
Yandel Pitts,18/01/83,8421290111
Ayden Bradford,19/05/79,9166493290
Alexzander Rivers,11/03/74,7175044800
Trinity Jimenez,10/01/91,6789107447
Travis Mcintyre,28/01/91,7230428866
Dayton Kerr,09/05/87,9901510485
Camden Blackburn,24/08/02,7418248448
Israel Cervantes,18/05/90,9594709623
Laila Cooke,22/09/97,7168763998
Regina Pham,16/04/73,6845387247
Sherlyn Smith,22/01/71,7319041463
Makhi Schultz,11/04/73,9334196627
Gerald Ramirez,25/09/83,7418265377
Gael Simon,27/06/00,8351270358
Cortez Haynes,17/07/88,7223556369
Theodore Porter,28/09/89,9734752374
Kenya Bonilla,24/08/96,9214376670
Paxton Villegas,13/04/90,9575624452
Stanley Davies,17/05/76,7250559598
Dorian Proctor,11/01/97,7683509658
Camryn Simpson,26/01/92,8941790712
Alexis Lutz,04/07/80,6479771382
Gideon Armstrong,03/02/85,8664006035
Yamilet Colon,14/08/83,9503535453
Danica Robbins,08/01/79,8477604373
Elaina Watts,09/08/83,7459384128
Jonathan Mayo,09/08/72,9514066207
Kenya Hernandez,23/06/92,7119491962
Isai Roy,20/07/96,9268102266
Abbie Tucker,05/08/88,6471397913
Amber Mcintyre,07/02/99,7873983912
Amani Shepard,15/06/88,6776261403
Marianna Glenn,17/08/76,7561250614
Diya Cisneros,14/06/00,8732002122
Isai Spears,07/05/96,7940261481
Ali Erickson,24/05/90,6614355286
Fabian Flores,25/05/02,6460714193
Sophia Stanley,27/04/81,9870301403
Monica Mccann,19/09/77,7469494862
Zaire Mccall,21/04/86,9352008850
Jolie Dickerson,19/04/81,8121041952
Tia Graham,09/07/77,9892397713
Peyton Miranda,23/07/90,7879454023
Tristin Mcmillan,28/09/83,9654037770
Colton Ball,10/06/89,7268733003
Cedric Schultz,06/05/94,8655906706
Amelia Ali,05/08/74,6135770647
Randy Horton,10/05/84,9209463091
Eduardo Mann,19/05/77,6799220533
America Higgins,09/07/98,8142451290
Sandra Dudley,16/06/75,8872113506
Emma Benton,14/04/92,9709535772
Sullivan Buchanan,13/07/83,7368987810
Evangeline Franco,23/07/86,7618043037
Yusuf Ramsey,12/03/85,8510376222
Gabriela Klein,04/08/91,8180639445
Elyse Oneill,02/05/96,9703571372
Talia Medina,21/04/82,9633966719
Ibrahim Hudson,05/06/86,7965113447
Ashanti Zuniga,13/04/95,8833198106
Amiya Hoover,28/03/70,9728613491
Kenna Walters,06/08/83,8910107261
Savannah Benitez,11/05/91,6635301717
Reese Bond,18/06/79,8951856501
Jocelyn Michael,06/06/73,8196114986
Shane Barry,24/05/73,6636446751
Mohamed May,18/09/94,9921996335
Houston Tanner,20/03/96,6897257607
Gracelyn Harris,24/04/94,8391197612
Jonas Bright,16/09/98,8720851865
Leyla Kemp,24/02/86,6937442869
Willow Burch,21/02/94,6441013119
Jadyn Jefferson,11/05/87,9579651060
Courtney Mason,11/04/70,6993616580
Madeline Newman,20/03/83,7421237533
Makenzie Garrison,18/02/84,6516534047
Davis Ball,10/05/77,9408886609
Gianna Stein,10/03/83,9447573251
Kiersten Hawkins,17/09/75,9987935734
Lyla Herman,11/03/85,7779327851
Dangelo Mejia,04/09/98,6733098433
Isaias Williamson,28/04/89,8520515137
Ayaan Cabrera,01/06/82,9128302665
Kristin Bradley,17/07/94,6692870389
Cameron Barry,01/07/78,7199077639
Gaven Mata,25/02/70,8808311132
Zayden Lewis,18/09/87,6545867725
Kenley Lutz,25/03/77,6477625672
Vance Stuart,08/05/87,9300722591
Michaela Webb,05/02/98,8604973990
Tyrone Ellison,18/02/84,7770698460
Sawyer Olsen,08/05/99,9773947679
Mariana Stevens,28/07/95,8617790225
Dana Wallace,08/06/72,9493841092
Alessandro Green,09/06/01,9976345383
Cadence Lester,03/09/82,8634997022
Osvaldo Fuentes,03/04/88,6730030781
Dean Arnold,12/07/90,7658489953
Moises Knight,17/06/96,9321541309
Carley Gill,11/07/72,8619471548
Dakota Carr,13/04/98,7557181652
Arnav Odom,03/06/70,8352756382
Leonel Lloyd,01/02/70,7466954413
Lewis Small,02/08/79,9632804227
Maya Arnold,07/08/97,7300645801
Addisyn Osborne,23/07/96,9702327792
Scarlet Adams,13/05/74,9852997119
Kaiden Collins,26/06/72,6846272702
Noah Daniel,05/07/01,8945793197
Lillie Collins,12/06/83,6659749849
Macy Galloway,23/01/02,6294773833
Amari Orr,27/07/78,9469873514
Lilah Mayo,23/02/91,9607654929
Reese Willis,08/05/88,9496743056
Leonardo Wilson,21/05/93,9881630254
Sterling Nguyen,06/05/00,7407470416
Marie Sawyer,10/04/01,8733155895
Laurel Miles,16/04/97,8725601482
Talon Lambert,17/02/95,9906965546
Evelyn Gibson,20/07/81,8224843826
Jayden Wilkins,21/07/70,8732199286
Darion Steele,07/08/02,9328709626
Kieran Harding,10/02/71,8127100038
Bo Gutierrez,28/06/98,6971098340
Jane Davidson,08/05/71,9622676327
Brenton Mcpherson,25/01/98,9953096784
Araceli Meadows,06/03/96,7351291857
Alexandra Choi,16/09/84,7966452613
Gary Solis,21/05/96,8143554762
Selena Atkins,18/01/78,9371962957
Ernesto Rosales,17/04/86,9127586927
Jazlynn Santiago,03/08/87,7740256860
Kaley Zuniga,08/09/73,8764615614
Briana Pruitt,07/04/00,9832079942
Willie Massey,26/09/74,6649587720
Jensen Griffin,09/06/85,7140592870
Elisha Mathews,03/02/89,9887977495
Julian Rogers,05/02/92,9777479765
Kiana Cunningham,01/03/97,6218306327
Gia Kaiser,03/01/78,8805739556
Dominique Caldwell,21/05/78,9559121639
Malachi Hudson,16/05/85,7654933557
Alexandra Hooper,04/01/84,9889440906
Ace Ho,02/01/91,9475269571
Mauricio Lamb,15/06/01,9348402854
Jamir Fox,13/09/90,7649681393
Brielle Cisneros,17/05/91,8446591950
Frances Roman,14/03/94,7257379405
Chaz Patterson,08/02/77,6630868709
Zack Carney,02/03/82,9166408799
Maverick Randall,18/04/82,7323687110
Raul Arellano,05/03/99,6956937772
Adrian Lloyd,16/04/78,6799174357
Madelynn Cowan,04/07/78,9651027577
Nyasia Barron,27/07/73,7737249075
Jakayla Boyer,01/07/97,6383311534
Ian Moore,27/07/75,9764642588
Raymond Zuniga,06/08/74,8651573924
Madison Hunter,26/02/85,6945592779
Rebekah Galvan,24/06/71,8427353931
Joseph Huffman,05/05/92,6865668263
Jazmyn Hamilton,01/04/77,8614137990
Violet Hoover,08/02/74,9986570455
Meredith Moyer,21/05/87,9531822859
Daphne Mendoza,18/05/86,6571387590
Titus Huffman,06/07/02,7338381794
Chance Roberson,19/08/99,7363806412
Cora Bryan,13/06/80,8645700490
Simon Martinez,15/04/87,9827632331
Mohammad Marks,26/01/95,8174088209
Ross Houston,11/05/00,7626763495
Kelsey Vang,12/07/84,9581950144
Nevaeh Morse,15/08/77,9554649872
Aidan Stout,16/06/90,6344982458
Melanie Tyler,14/09/85,7937772241
Kadence Estrada,10/02/91,6410608884
Bianca Burch,01/02/70,7295781198
Sonia Kennedy,23/08/91,6256824799
Kailey Singleton,26/07/72,9742412014
Jaydin Booker,18/02/99,9960090491
Deon Estes,03/04/96,7803394776
Jaida Good,22/07/90,9664723816
Cecilia Glenn,24/06/91,7167060931
Aden Mcpherson,17/05/78,7411292713
Maximilian Ortega,27/03/90,9650545644
Bruno Morris,03/08/78,7983161362
Ramiro Merritt,19/09/70,7884134091
Devin Ortiz,05/07/75,6496945891
Raul Perez,10/06/78,8860731876
Ismael Morrow,17/07/86,8705132493
Chana Huber,12/05/94,8423698885
Terry Brock,09/09/75,8967727181
Tristen Byrd,15/09/96,6538891435
Lindsay Malone,20/03/89,9899884689
Phoenix Madden,07/04/92,7727098482
Myla Galvan,08/07/88,8731979573
Lainey Hansen,04/08/93,8968708001
Carmen Garrison,24/04/98,7668505838
Lucy Tapia,14/04/83,9438987917
Ignacio Wang,12/06/75,6887773828
Emanuel Murillo,07/09/94,6116266410
Zain Arellano,23/06/85,9659256815
Yair Hayes,01/02/98,6879368061
Jadyn Castro,13/05/91,7661094780
Saniyah Hopkins,12/06/71,8920743154
Daniela Leach,09/01/94,7120171908
Maria Horne,10/02/83,9108980498
Keenan Mcbride,28/08/77,7848412687
Julio Fowler,09/04/79,7532392237
Kyan Hendrix,05/02/73,9977160086
Talon Shea,09/01/81,8598584846
Emilia Figueroa,01/01/72,7249615853
Adalyn Tyler,25/06/90,7553638134
Alina Conner,10/08/88,6478344413
Josephine Galvan,07/05/91,7887585988
Madisyn Parsons,22/02/76,7954690579
Enzo Vargas,18/09/72,9697207396
Rowan Marshall,04/08/88,7920870810
Marely Glass,17/03/01,8437570804
Cecelia Anthony,19/07/72,8236272936
Sonny Ayala,28/01/74,8804023318
Shyanne Mays,11/03/84,6868305096
Cloe Calderon,07/04/83,6875658652
Bo Fisher,06/01/01,9854765461
Diamond Rowland,02/02/83,6817155068
Emilia Brennan,27/09/97,9677782898
Jewel Mata,07/02/91,8933424584
Casey Ortiz,17/05/94,6147112780
Nathalie Ramsey,15/08/99,9537819225
Zachary Sparks,11/09/01,6107823651
Kaylyn Lowery,05/03/01,9273557390
Taylor Pearson,21/02/70,7277443884
Isaias Garza,02/09/75,6862652193
Nolan Contreras,26/05/84,7954969554
Beckham Lucero,16/09/90,9548285340
Nikolas Deleon,06/03/80,7997937373
Adelaide Castro,16/09/87,6814689403
Kierra Adams,15/02/01,7736263216
Lily Whitehead,21/01/82,7698215983
Rocco Valdez,02/09/80,9122923964
Jasper Harrington,09/08/89,8647381824
Reece Hunter,28/04/88,8195536514
Kaitlin Deleon,01/09/99,7382261238
Ally Medina,28/06/88,6765356576
Cameron Hicks,04/05/74,9908537260
Trevor Santiago,02/07/79,6898952606
Juliana Rangel,26/06/88,9408902625
Deangelo Hodge,22/01/72,9291363588
Seth Watkins,25/01/89,7537556323
Dallas Booker,16/09/87,7844322817
Uriel Griffin,05/01/74,7448924369
Camron Parker,21/02/71,9309774820
Vaughn Kennedy,23/01/78,6681208851
Timothy Montes,20/01/01,8106679127
Jade Bonilla,19/09/92,7909885005
Rigoberto Ayala,22/08/70,7709593286
Alvin Farmer,26/09/95,7531707630
Alayna Benitez,25/05/84,9235262069
Teagan Bautista,24/02/80,6229066698
Jase Gallegos,05/09/80,7713372589
Siena Donovan,09/05/72,6596378631
Jovanny Mccoy,06/07/92,6681598034
Lewis Jenkins,15/01/95,8814039788
Layne Blanchard,07/07/70,8281470878
Martin Dunn,01/08/78,9625159597
Richard Cobb,14/04/78,6415309068
Mira Finley,12/08/78,8536294377
Haley Park,10/02/91,6218512293
Thaddeus Rojas,04/07/71,8965284869
Cade Johnston,20/07/75,6975323874
Natalie Brewer,22/02/83,8389273018
Maximilian Friedman,05/07/92,8938323807
Jonathan Huber,06/05/00,8557618070
Ellis Chang,04/06/70,9778403429
Corey Berger,14/06/71,6878500801
Rolando Kim,22/03/74,6343321546
Julio Christensen,21/01/80,9469293103
Aubrie Chavez,01/03/91,8360207916
Daniel Werner,24/06/82,8820262944
Aylin Farrell,27/06/92,7888757481
Kaylah Gallagher,08/02/02,6594168615
Lilia Zamora,28/07/72,7222238856
Alan Kirby,05/07/72,6524253219
Octavio Baker,17/05/84,8593378787
Dante Robles,13/02/82,6885238739
Bryanna Jacobson,13/08/82,9428951831
Danielle Allen,28/06/75,7938890979
Alvaro Castaneda,14/02/91,9724860208
Gregory Wolf,04/05/93,8471724175
Howard Chang,05/08/78,7700958999
Alberto Mack,21/05/96,8611463425
Rashad Owens,19/05/01,6242003636
Max Parrish,15/01/96,6573946153
Hugh Ibarra,27/03/96,8768417062
Sabrina Downs,02/08/72,7863344563
Emily Mcmillan,12/08/88,7560653194
Kailyn Rhodes,14/05/85,7102476381
Reina Merritt,15/06/90,9976879547
Urijah Ewing,06/07/02,7272067424
Abril Avila,23/04/70,9775396193
Stephen Pena,09/07/81,7190087149
Malachi Williamson,09/03/72,6662225205
Ally David,08/02/70,6744482406
Kelsey Rios,03/04/82,8553787728
Gael Chandler,25/05/78,9944120252
Boston Melton,15/09/85,9373946287
Phoebe Andrade,21/09/94,6912542092
Aryanna Reynolds,14/06/99,8226708292
Lesly Flores,07/04/75,7429261203
Jaqueline Warren,27/04/74,9754791450
Lainey Wolfe,09/06/83,8128131598
Tate Oconnor,05/02/76,9246707154
Gunner Krueger,24/08/02,9480109884
Pierce Gates,04/08/96,6971370787
Hadassah Gilbert,20/09/75,9534200197
Eduardo Neal,03/04/78,7706300752
Jaidyn Nelson,05/04/78,8503835336
Kaeden Hubbard,13/01/74,6290021649
Raphael Massey,06/08/97,6565232280
Malaki Villegas,11/06/85,7496574780
Cailyn Reid,27/01/74,7575020369
Kallie Roberson,03/05/99,6858493749
Lizeth Nunez,10/03/77,7986108410
Ruth Waters,01/09/02,8661326872
Luna Andrews,05/05/88,9334440901
Kael Dennis,05/06/70,6141011174
Cameron Higgins,19/03/79,8887508151
Luca Snyder,01/08/94,7661955275
Hadassah Gilmore,20/08/72,9153175721
Deshawn Glover,15/03/76,7230097492
Sabrina Pierce,26/08/78,6152713562
Carter Krause,16/05/77,9316353051
Sarahi Pham,24/03/91,6107687058
Brett Brown,19/01/70,9309097359
Britney Schmidt,22/03/83,9301648341
Carleigh Chen,07/07/76,7930258119
Leslie Christensen,07/07/94,6828859593
Giuliana Delacruz,23/09/00,8409307438
Kaylen Armstrong,08/04/72,7382596906
Jessica Tucker,21/01/92,9856655810
Omari Zavala,01/09/99,7999066786
Arturo Forbes,04/05/93,8299952745
Darryl Mueller,16/09/80,6471980358
Ashleigh Walls,13/07/02,6426862538
Sadie Burton,05/05/84,7706590414
Adelyn Randolph,09/01/97,6106039859
Pamela Hancock,25/06/85,8230245353
Terrence Harrell,27/05/84,8465201382
Jamar Snow,02/06/76,8753298220
Karson Reid,28/02/83,9544014318
Deegan Woodward,12/03/00,7407512275
Wade Santiago,15/08/85,8962140491
Amya Sanchez,12/07/71,7540583113
Roderick Copeland,12/03/73,6509270696
Robert Mcfarland,21/07/85,8672290587
Braedon Sims,18/03/85,7465462389
Tess Gay,14/04/78,8387044527
Stacy Herring,19/09/98,6820963031
Rocco David,22/09/86,6390126053
Kristina Ellis,09/02/70,9663197091
Rosemary Mcdonald,17/04/97,9163112295
Dennis Whitaker,11/02/83,9737417029
Alanna Schultz,15/09/91,9928394689
Edith Benson,08/04/71,7523643126
Ronan Farmer,06/08/73,8302031436
Kaley Lee,10/06/78,7596634393
Adrienne Schmitt,06/09/76,7265444933
Yadiel Ford,28/08/98,6150239277
Brenna Bass,01/04/89,7187883006
Moriah Simpson,26/02/97,7739892891
Shelby Noble,16/02/78,7833258175
Jalen Woods,22/01/72,6372978332
Yaritza Ferguson,04/04/91,8262726284
Nathalia Callahan,23/05/71,8377247360
Timothy Swanson,25/05/01,8776552873
Reid Grant,21/08/75,7135633272
Kathleen Pennington,23/06/82,6606681981
Winston Murphy,26/07/02,6349538472
Taylor Baxter,09/05/98,8773917553
Victoria Macias,10/01/87,7797343869
Kristopher Gallegos,27/03/78,7256257599
Samuel Dudley,07/03/96,7581068166
Jaydin Rasmussen,16/07/92,6944872321
Skylar Drake,08/07/78,8337714981
Emilio Tanner,07/03/98,8374558115
Devon Ramos,18/01/73,6935242563
Billy Mcmahon,11/07/75,6140187888
Mariah Maynard,08/02/98,6336691431
Tatum Santos,26/01/02,7771566678
Camryn Ritter,20/07/81,7673162500
Elliana Solis,23/04/77,9985760914
Reina Stafford,04/02/80,8163424730
Josie Acevedo,13/07/71,6284191073
Isabell Davenport,11/05/00,8490811045
Abbie Esparza,12/01/91,8785118632
Eli Park,23/07/83,8418710339
Cohen Ruiz,18/06/87,6144096494
Elian Rubio,26/06/77,6570771250
Rayna Levine,01/05/76,6899906468
Jaidyn Malone,25/06/72,8274756122
Emiliano Horn,13/01/79,9362164103
Andy Briggs,27/07/71,8563529525
Guadalupe Short,20/09/00,9663094931
Emerson Santana,10/09/97,6498886922
Marissa Chung,23/07/80,9540733325
Madden Goodwin,23/08/98,6528502717
Tia Stephenson,07/02/97,9637852585
Mallory Wall,10/04/92,9524835557
Precious Maxwell,10/03/82,6368314354
Maximilian Wolfe,23/06/75,9404203319
Itzel Coffey,24/07/97,8131936741
Alexa Gray,27/07/92,7347943940
Lewis Knox,11/01/85,9135859901
Noel Joseph,04/09/76,7750080857
Itzel Tapia,20/04/01,7385879130
Micah Griffin,23/06/71,6439845024
Skylar Eaton,26/09/95,6783503750
Breanna Meyers,22/08/71,6286426078
Isiah Schneider,19/03/86,8313391825
Brenden Gallegos,27/06/98,8108417639
Jakob Dalton,28/07/92,7180348549
Allison Luna,15/01/70,7536053403
Amina Wolfe,18/07/84,7294098241
Malia Jordan,14/01/02,7642043514
Kasen Sanchez,02/04/88,9439445625
Rubi Fleming,15/06/81,9200469171
Aldo Carson,04/09/99,7463941522
Justine Bright,14/07/94,7725899255
Greyson Salazar,23/01/80,7747199340
Chris English,28/06/81,6908908514
Bria Payne,19/05/77,6535450156
Aiden Hines,26/01/70,6348223766
Jazlene Warren,01/08/84,8106147982
Charlie Harris,12/03/86,6818897050
Priscilla Reyes,01/06/72,8652464553
Jolie Dunn,07/04/91,8150814962
Giselle Perez,24/06/83,7625964970
Jamar Koch,19/03/83,8923603387
Micaela Spence,22/08/79,6412679045
Corbin Huber,15/06/79,6807755039
Zackary Henderson,14/07/72,8589946768
Edward Livingston,05/01/86,6762026038
Reginald Page,19/04/75,9254590366
Jane Mathis,10/08/95,6289968688
Trent Joseph,07/03/00,7690092402
Alia Mccarty,18/02/93,9558739467
Charlize Anderson,13/06/83,6909174616
Marc Greer,12/02/82,8743326094
Makayla Benton,17/01/90,6388066085
Diego Contreras,09/08/92,7878572618
Marcos Welch,15/02/90,8254090025
Aliya Hayden,26/02/93,8465921391
Judith Houston,08/07/73,8247520277
Rodolfo Sims,06/02/87,9954083210
Mateo Parrish,03/03/89,9924890062
Raiden Stout,09/01/81,8662087869
Averie Bender,09/03/83,9426149386
Angel Stafford,21/07/93,7376716176
Isabel Santiago,28/05/88,7884873020
Lana Sparks,07/06/82,8634837846
Elise Gallagher,02/01/79,7205486048
Aileen Irwin,22/01/77,6437423063
Jaylene Nunez,21/07/88,9981193564
Amani Woodard,24/06/82,9849806503
Silas Cabrera,19/09/91,8259057437
Haylee Trujillo,14/09/97,9410406548
Arnav Bennett,05/05/79,6694892564
Leilani Morgan,18/01/85,7135977645
Nikhil Andrade,13/01/73,6156164680
Aaron Hopkins,04/09/80,7304603420
Delilah Hebert,25/01/95,6874925348
Braylon Gould,09/06/82,6764876053
Lawrence Mcgee,07/05/94,6988276713
Courtney Ryan,19/05/83,8746423798
Carleigh Sosa,07/06/74,9535306925
Ellie Gamble,28/01/00,6153013705
Jamal Pitts,26/02/72,7823969239
Desirae Ellis,05/06/85,8197050622
Shania Benson,22/06/80,6284473140
Kylan Cochran,27/02/71,9477804740
Skyla Bautista,22/02/93,6133663070
Kian Hartman,21/08/82,8503499266
Aubrey Trevino,07/01/79,7459041014
Easton French,19/01/91,8773437570
Steve Harvey,11/04/74,6651003515
Malaki Grant,10/01/87,9188134364
Jaeden Kent,02/02/78,9600978638
Savannah Ballard,05/05/77,9311076521
Scarlett Middleton,14/06/00,8573251527
Jada Terry,28/02/84,6447738907
Izayah Contreras,01/04/81,9597720141
Kaydence Bishop,11/07/89,6453261015
Carolyn Solomon,06/04/73,8211616677
Jaxon Bird,20/04/86,9790072573
Omari Obrien,12/07/96,6249571400
Tate Randolph,17/04/88,7786587263
Joey Gibson,27/04/85,6196273163
Roberto Cohen,24/05/99,7193331200
Ernesto Bradley,14/04/70,6246394672
Yaritza Dixon,18/09/81,8114508896
Elisha Norris,14/03/91,7779928049
Eve Short,27/02/82,9909706495
Zion Williamson,24/07/02,8787173012
Nylah Gay,08/05/78,8686353767
Raelynn Small,25/02/76,7644658154
Martha Bright,10/07/88,7736312121
Ariel Miranda,16/04/97,8220507338
Joaquin Fitzgerald,22/05/99,8390908416
Lia Ferrell,15/09/94,6118171121
Graham Stone,25/01/83,9887656915
Vance Castaneda,26/09/93,8925859122
Paulina Steele,26/02/79,8637835418
Madilyn Brady,12/08/02,6513306663
Kenyon Hancock,26/04/01,8666159860
Jeffery Velez,09/05/01,9343599682
Alexia Best,26/07/01,6674824252
Kassandra Forbes,15/05/99,8619273731
Maren Petersen,27/03/02,6370168523
Shannon Stephenson,20/02/91,6136703555
Kaitlynn Chung,17/06/73,8921712711
Skyla Moore,13/07/99,6385194583
Dereon Mcknight,14/04/90,8658075173
Mathias Trujillo,06/07/99,8291944937
Deshawn Serrano,15/09/71,7122474653
Jasmin Escobar,24/09/84,6120016350
Madelyn Rivas,23/02/91,6337924281
Jasper Ruiz,22/05/77,8812947396
Todd Nguyen,18/04/72,7488693249
Deborah Barron,19/04/92,6191532921
Abigayle Frey,23/04/97,7898515016
Iris Hobbs,19/08/73,9171427118
Zoie Drake,05/02/83,8652143726
Maribel May,19/07/90,8464059072
Hassan Terry,25/01/70,9309855340
Yuliana Macdonald,28/09/74,6971496681
Joselyn Lawrence,18/06/87,7612972705
Landyn Saunders,12/07/90,6152775880
Maddox Henderson,07/06/70,6997720398
Annabel Bradshaw,28/02/76,7632172827
Aaden Glenn,23/05/79,8800330364
Sterling Case,17/03/93,9601546361
Serena Huynh,27/08/85,6139606741
Kendrick Petersen,08/06/80,6853587775
Harrison Valenzuela,03/01/02,9531833797
Bridger Calderon,16/04/96,6886712432
Jaslene Simmons,07/04/90,6717513248
Kolten Bowen,19/05/87,7210455990
Moses Hampton,02/09/85,6320912904
Savion Wright,22/07/96,6784115729
Miley Andrews,19/06/87,7253884248
Christine Villarreal,02/05/87,6458254597
Jaxson Black,25/09/83,6885907923
Vincent Ward,10/06/02,8928264163
Landen Fritz,25/06/82,9256745405
Clayton Perry,27/01/95,6886720279
Reilly Davis,21/06/80,6900247700
Terrell Marks,24/04/77,6938350393
Cassidy Velasquez,02/01/73,7208462423
Precious Atkinson,11/07/70,6580565533
Jordan Summers,24/09/75,7995328056
Monserrat Holmes,28/07/82,8840210646
Amir Johnston,06/07/74,7622224078
Cortez Stephens,15/01/87,9410890378
Adonis Alvarez,04/07/80,6201092263
Mariam Ewing,25/08/84,7225223878
Nathan Higgins,26/07/02,9438765372
Rishi Clements,01/08/91,7812788085
Ignacio Kidd,21/01/95,8218546590
Esperanza Webb,04/09/94,8843825825
Makena Moyer,04/07/79,6936968928
Lesly Cooper,26/05/96,9646947323
Xzavier Vance,02/05/93,7640561266
Tristen Singleton,02/02/74,9302398752
Humberto Evans,24/04/88,8750037192
Jimena Moyer,05/07/83,6775549969
Jazlyn Madden,12/08/76,8753968783
Kaden Ho,20/01/87,7282518251
Jaylah Medina,05/06/02,8293854720
Jax Hinton,24/08/97,9602061537
Johnathon Townsend,17/08/91,8145396494
Greta Trevino,06/07/76,6286025639
Audrina Zamora,15/01/74,9839761817
Matthew Moran,18/06/78,6632108477
Aiden Roth,27/09/79,7118883170
Bryan Lawrence,23/06/71,7525450455
Alia Hull,15/05/96,8208419918
Mikaela Mcneil,05/06/82,7146542451
Shaylee Wilkins,18/06/74,6457033304
Carly Scott,28/07/88,6755696643
Makayla Petersen,22/07/76,6450990423
Oscar Guerrero,24/09/88,8957970944
Abby Warner,03/02/70,8149439644
Brennen Leonard,25/08/78,7896418287
Selah Rosales,12/02/89,9884587801
Kaleb Lane,01/01/98,7119375071
Damon Sosa,06/03/99,6787410860
Conner Holder,22/01/80,7910685172
Rihanna Farrell,08/06/72,7589264499
Trent Hurley,17/03/74,6169370112
Glenn Randall,26/04/76,9268569194
Gary Weaver,11/06/91,7142477628
Alaina Waller,24/01/92,6339222810
Skylar Drake,13/04/77,7340811368
Elianna Dodson,05/09/90,8114296726
Bethany Roy,05/03/83,8738625630
Tia Rojas,11/09/88,9277540262
Gianna Peters,13/09/78,6145464948
Joslyn Armstrong,19/01/73,6671980931
Nickolas Walsh,19/04/80,6724577721
Nevaeh Gillespie,09/09/85,7240568808
Simone Nolan,21/07/98,6695746059
Logan Villegas,08/06/70,8106391101
Elizabeth Herman,13/05/89,8587833720
Jadyn Gilbert,06/05/71,9603343919
Chelsea Heath,13/08/92,6227526967
Dayton Sutton,09/03/94,9670189061
Kale Mooney,20/06/79,8818573832
Ella Ritter,10/04/82,8793149638
Tyrese May,11/06/85,8226269244
Lilian Hanson,12/08/94,8516131551
Miranda Conley,20/05/93,8364892946
Zaniyah Monroe,14/02/98,8819752954
Jayce Herman,03/05/91,7428548567
Cali Sosa,07/05/77,6634255732
Kamden Hood,23/04/02,6969534508
Jaxon Shannon,16/03/80,8451069174
Micaela Barnett,09/05/77,8221220420
Jaiden Lin,09/05/91,7864845534
Carlie Burgess,02/06/71,9591865334
Karla Stanton,16/08/72,7335991729
Emery Collier,15/07/96,9841325730
Eileen Cannon,23/08/77,6978571808
Carsen Morrow,21/04/92,7240552839
Esteban Haney,28/02/01,7333250247
Izaiah Hinton,06/02/76,9591889180
Eden Mcknight,17/03/83,9948486447
Baron Dillon,01/08/79,9315101145
Quintin Williams,13/04/87,6163422981
Martha Fields,15/04/89,8280379457
Omari Colon,07/08/70,7415604339
Sean Liu,12/05/70,9415683949
Eden Waller,22/02/95,9217790200
Isla Avila,05/05/90,8593146926
Lindsay Chandler,25/03/75,9888678007
Susan Todd,24/01/76,8436075256
Sandra Ramirez,10/07/81,9484229648
Imani Dean,06/02/92,9723395784
Brayden Franco,17/03/74,9190045538
Breanna Yates,18/02/83,7419007926
Destinee Alvarez,23/03/82,6539186174
Elijah Cardenas,04/06/91,8500080453
Julien Winters,16/03/71,6151872370
Kenyon Fernandez,21/08/00,8960942100
Mareli Mcdaniel,13/02/76,6724825517
Brianna Mccann,24/04/76,9521153963
Holden Barry,05/04/86,8947919171
Kylee Pena,22/06/80,7886554976
Cody Gross,06/06/90,9757372174
Simon Ali,17/09/94,8784772288
Elle Haley,26/08/73,6520600062
Desiree Solomon,06/04/90,6846981426
Bentley Farmer,25/03/95,9213008722
Jamarcus Hatfield,19/01/78,8687880252
Veronica Hays,16/04/95,7249797592
Krista Hurley,20/01/02,9402620296
Lila Keller,15/01/99,9187197681
Jaslene Valentine,04/05/74,9940353080
Selena Hill,19/08/98,6785974588
Tony Stephens,07/04/01,6195976760
Hailie Reed,08/03/88,6672823159
Braiden Phillips,20/09/95,8477982961
Carina Freeman,26/09/85,6743324728
Alanna Huffman,01/05/71,9208904350
Atticus Haley,01/07/78,6497583402
Leslie Vance,23/02/89,6493700435
Sabrina Mccann,05/07/92,8312006492
Alejandro Dunn,13/09/70,6924416804
Lily Livingston,05/05/90,7312575171
Jordan Jacobs,27/09/73,9872610108
Donald Pierce,17/04/94,9133558244
Hailey Small,22/02/95,7530022739
Zaria Bates,23/08/96,6194973844
Fabian Patrick,26/01/74,7382393946
Colton Huber,10/08/83,8993610786
Antwan Vance,15/06/73,9907431779
Kira Potter,20/08/99,6797521581
Rayan Rojas,05/02/84,9364332626
Rogelio Brennan,12/02/92,9428588262
Adelyn Hickman,06/06/00,7816863180
Aracely Herman,04/06/74,6417514806
Santos Li,08/07/84,8733626612
Kira Duarte,28/07/74,9253189874
Jaidyn Rowland,26/02/84,8510554710
Max Stone,17/01/96,9606037565
Kamari Newton,24/02/81,6320428121
Matteo Ford,16/06/94,7462993836
Draven Lucero,28/08/94,6373626201
Jazmine Daugherty,10/02/81,7153670626
Karma Huang,06/06/76,7608155074
Diana Cohen,14/03/92,7916091086
Sage Watkins,12/03/92,6478326794
Jerome Copeland,06/02/00,8735996600
Jude Delacruz,02/05/77,9588453225
Elisabeth Burton,23/08/84,8644975128
Marc Tanner,13/09/73,9302638957
Jazlene Cummings,11/03/97,8558408126
Evan Odom,22/05/76,7996175251
Taylor Chavez,05/09/70,7771661901
Tony Lang,15/06/83,9265996006
Giovanna Short,18/07/93,9718482920
Mark Gentry,24/04/72,6672752625
Ignacio Best,10/06/71,6934687306
Warren Harding,28/05/76,8301084967
Madelynn Dunlap,28/02/93,6107204975
Willie Silva,20/07/81,7284212824
Santos Russo,05/06/90,6241549729
Kristian Ferguson,11/03/00,7950623807
Jayleen Zuniga,02/06/99,9459013787
Valeria Weber,05/03/92,9992798507
Jovanni Malone,05/04/72,6855279527
Aubree Nguyen,01/04/76,7675011919
Arthur Spence,07/03/88,8415660047
Deandre Knapp,08/09/86,8642264488
Timothy Houston,15/03/86,6808350380
Campbell Bentley,13/01/72,7807093507
Imani Barajas,04/07/70,9845468164
Jovanni Burgess,20/04/00,9326097748
Lee Ayers,28/08/86,8326237662
Frankie Patrick,24/01/95,6854968396
Armando Rasmussen,01/09/00,7880263663
Ryland Blanchard,10/09/85,8327951441
Oswaldo Gallegos,10/07/76,9235517134
Marc Phelps,15/03/75,6541230392
Aaden Becker,21/03/72,8897382927
Gracelyn Arias,07/01/72,6881773149
Sherlyn Cook,20/05/95,9351008962
Saniya Christian,01/07/79,8912790244
Josue Andersen,09/07/85,6570424549
Logan Melendez,23/01/80,8210897203
Ali Chavez,12/05/00,7717973589
Hillary Tapia,10/05/97,7296590751
Edith Valenzuela,20/07/89,8492973284
Destiny Andrade,27/02/85,9220898399
Pablo Macias,06/08/90,6343359167
Britney Wiggins,11/07/96,6312637117
Micaela Patton,02/02/80,6920474024
Emilia Wiley,09/07/78,6175976777
Shaun Morse,18/08/90,7724811474
Cristal Fuller,11/01/95,7123278262
Stella Willis,14/07/70,7104587383
Marisa Hayes,16/06/72,8863241785
Haleigh Chen,26/07/89,7761609507
Taryn Francis,03/02/87,8216238555
Albert Ferguson,08/04/85,7364219649
Leon Hobbs,01/01/86,7183049332
Kiera Hardin,13/03/97,8333802859
Lucian Welch,01/04/99,6543243661
Arjun Gamble,25/04/92,8647654799
Alexandra Rodgers,20/05/91,7111741392
Daphne Jenkins,25/02/74,9636091040
Fletcher Knapp,23/03/95,7106676624
Emilee Humphrey,03/09/84,7709198595
Reagan Deleon,02/09/80,8368295193
Keely Rojas,19/09/75,7847372536
Todd Downs,04/03/75,6734666203
Dangelo Rush,26/04/00,7775951668
Viviana Dyer,09/05/93,9645088756
Brayan Jimenez,21/05/94,9331616480
Sasha Shepherd,09/05/83,6505636487
Landen George,19/03/92,7418413242
Case Wong,10/09/94,6509620464
Reece Larson,19/07/89,8453246743
Jaylynn Nunez,06/01/74,7888521345
Briley Rodgers,09/03/02,9910125431
Lilian Washington,11/09/82,6336963287
Gavyn Shea,21/04/95,9982070035
Howard Bass,19/06/83,7856903947
Hayden Savage,28/03/78,9597111198
Brooks Kramer,20/01/89,6988974727
Patience Kemp,07/05/72,7159161804
Ashton Cochran,16/02/89,8808367350
Clarissa Stephens,12/02/83,8407603099
Mohamed Carlson,05/05/02,9484978109
Jovanny Ingram,25/07/81,7600299182
Gracie Zavala,04/01/83,9974346387
April Castaneda,25/04/84,7871017847
Annabel Ware,22/04/93,9404878241
Annika Cooke,10/01/98,7987631577
Braydon Montes,23/05/88,7928114689
Myah Shelton,03/09/71,8398144953
Alani Zavala,06/02/82,6384753124
Denzel Fitzpatrick,23/04/83,8682275220
Collin Andrade,07/05/72,9260945913
Jaxson Cole,28/05/88,9648746074
Cornelius Deleon,10/04/90,7693759727
Santiago Hardin,01/02/86,8476909171
Charles Neal,03/03/86,8760086159
Marisa Snyder,27/09/79,7672482147
Broderick Buchanan,01/07/77,6566707046
Diana Rogers,01/09/79,6716207815
Cierra Gray,02/01/74,7698211185
Sarahi Case,15/09/01,9543750101
Mallory Cain,04/08/97,6517904668
Regina Watts,11/02/85,6319039272
Karla Mckinney,28/03/71,8520741219
Lucia Boone,01/08/79,8267329094
Simeon Forbes,12/07/71,7692156154
Noel Calderon,17/07/74,6290178081
Justus Rose,13/03/97,9757294294
Natalee Mccoy,14/01/90,8212008085
Rhett Baldwin,16/05/85,7291569093
Kennedy Walters,10/02/01,8863143082
Phillip Horn,10/03/71,7407389770
Aleah Vance,18/05/71,6767796669
Arnav Heath,07/06/85,8239845985
Valeria Carter,11/08/02,7544117678
Raven Whitney,15/04/94,7681445295
Guillermo Griffith,04/01/98,8817950351
Tyson Conrad,25/06/00,8537296161
Danika Price,15/05/70,6154479061
Payton Charles,14/01/85,8468568257
Giselle Russell,23/05/87,9402662406
Piper Villa,17/07/00,7308744519
Roland Bean,09/01/78,9868768114
Elizabeth Bennett,24/08/90,9525023501
Lucia Reed,08/05/75,8904591371
Douglas Foster,12/08/82,9775922218
Jonathan Casey,03/04/70,8107146421
Elyse Mcdowell,08/05/79,7540376135
Demetrius Hood,04/04/84,6272942635
Laci Yoder,17/04/70,6414705553
Jaden Mccullough,25/07/71,7996529364
Carson Bailey,09/09/85,9791144992
Ace Sanchez,13/04/73,7290916886
Harry Wang,01/09/74,7560844654
Lacey Morales,02/01/90,7935736332
Adam Rhodes,04/06/84,9439968062
Laura Bray,05/02/74,6240828482
Julianne Lozano,14/02/80,6758289011
Cecilia Cameron,24/02/88,9230920699
Heather Holden,05/03/87,9534882611
Jaydon Bond,08/04/99,6249643092
Marshall Terrell,25/05/70,8724014940
Mckenzie Barry,19/04/96,8495799903
Mayra Estrada,09/07/02,6146268039
Payton Atkins,24/04/94,6133813187
Phoebe Sanchez,07/07/01,7912563352
Vicente Green,24/01/97,6745088254
Beatrice Welch,02/02/93,6363121102
Carina Andersen,01/03/99,7132717978
Zackary Obrien,26/01/81,8109888986
Anya Burke,28/05/93,6691343083
Kylee Collins,12/08/93,6576388820
Savion Roberts,21/08/81,8890236848
Arielle Melendez,17/08/95,7171691575
Amiya Burch,27/03/97,9394878990
Ernest Finley,27/02/77,9911927730
Cameron Mahoney,21/01/73,8598556508
Denise Lawrence,07/08/87,6274699005
Alexus Matthews,20/05/84,6464499053
Reese Combs,26/01/99,6432376967
Taylor Douglas,17/01/82,6795782361
Jared Dixon,06/01/83,7197903180
